"actor","useCase","method","route","authenticated","role","permissions","ownership","scope","procedures","frontend","catalogNote","status","sourceReferences"
"PUBLIC","SYSTEM/session/health [Health HTTP]","GET","/api/health","false","","","Không","Không","","PUBLIC; XEM_PHIM NOT ENFORCED","","MATCH","backend/src/routes/healthRoutes.js:5; backend/src/controllers/healthController.js:3"
"PUBLIC","SYSTEM/session/health [health.checkDatabase]","GET","/api/health/db","false","","","Không","Không","dbo.sp_System_HealthCheck","PUBLIC; XEM_PHIM NOT ENFORCED","","MATCH","backend/src/routes/healthRoutes.js:6; backend/src/controllers/healthController.js:5; database/08_procedures/system/sp_System_HealthCheck.sql:1"
"PUBLIC","KH-01 Đăng ký tài khoản [auth.registerCustomer]","POST","/api/auth/register","false","","","Không","Không","dbo.sp_Auth_RegisterCustomer","PUBLIC; XEM_PHIM NOT ENFORCED","","MATCH","backend/src/routes/authRoutes.js:6; Phân Tích _ Thiết Kế.md:77; backend/src/controllers/authController.js:4; database/08_procedures/auth/sp_Auth_RegisterCustomer.sql:1; database/08_procedures/auth/sp_Auth_RegisterCustomer.sql:45"
"PUBLIC","KH-02 Đăng nhập hệ thống; QLR-01 Đăng nhập hệ thống; CSKH-01 Đăng nhập hệ thống; ADM-01 Đăng nhập hệ thống [auth.login]","POST","/api/auth/login","false","","","Không","Không","dbo.sp_Auth_Login","PUBLIC; XEM_PHIM NOT ENFORCED","","MATCH","backend/src/routes/authRoutes.js:7; Phân Tích _ Thiết Kế.md:87; Phân Tích _ Thiết Kế.md:219; Phân Tích _ Thiết Kế.md:311; Phân Tích _ Thiết Kế.md:373; backend/src/controllers/authController.js:13; database/08_procedures/auth/sp_Auth_Login.sql:1; database/08_procedures/auth/sp_Auth_Login.sql:38; database/08_procedures/auth/sp_Auth_Login.sql:45; database/08_procedures/auth/sp_Auth_Login.sql:56; database/08_procedures/auth/sp_Auth_Login.sql:57"
"Mọi tài khoản hoạt động","KH-03 Xem và cập nhật thông tin cá nhân [auth.getCurrentUser]","GET","/api/auth/me","true","","","Có: userId lấy từ authenticate, không do request cung cấp","Không","dbo.sp_User_GetCurrent; dbo.sp_RBAC_GetPermissionsByUser","Active authenticated user","","MATCH","backend/src/routes/authRoutes.js:8; Phân Tích _ Thiết Kế.md:97; backend/src/controllers/authController.js:21; database/08_procedures/auth/sp_User_GetCurrent.sql:1; database/08_procedures/auth/sp_RBAC_GetPermissionsByUser.sql:1; database/08_procedures/auth/sp_User_GetCurrent.sql:27; database/08_procedures/auth/sp_RBAC_GetPermissionsByUser.sql:16; frontend/src/pages/auth/Profile.jsx:1; frontend/src/utils/authorization.js:1; frontend/src/layouts/AreaLayout.jsx:1"
"Mọi tài khoản hoạt động","KH-03 Xem và cập nhật thông tin cá nhân [auth.updateProfile, auth.getCurrentUser]","PUT","/api/auth/me","true","","","Có: userId lấy từ authenticate, không do request cung cấp","Không","dbo.sp_User_UpdateProfile; dbo.sp_User_GetCurrent; dbo.sp_RBAC_GetPermissionsByUser","Active authenticated user","","MATCH","backend/src/routes/authRoutes.js:9; Phân Tích _ Thiết Kế.md:97; backend/src/controllers/authController.js:24; database/08_procedures/auth/sp_User_UpdateProfile.sql:1; database/08_procedures/auth/sp_User_GetCurrent.sql:1; database/08_procedures/auth/sp_RBAC_GetPermissionsByUser.sql:1; database/08_procedures/auth/sp_User_UpdateProfile.sql:30; database/08_procedures/auth/sp_User_UpdateProfile.sql:32; database/08_procedures/auth/sp_User_UpdateProfile.sql:37; database/08_procedures/auth/sp_User_UpdateProfile.sql:48; database/08_procedures/auth/sp_User_GetCurrent.sql:27; database/08_procedures/auth/sp_RBAC_GetPermissionsByUser.sql:16; frontend/src/pages/auth/Profile.jsx:1; frontend/src/utils/authorization.js:1; frontend/src/layouts/AreaLayout.jsx:1"
"Mọi tài khoản hoạt động","SYSTEM/session/health [auth.getCurrentUser]","GET","/api/auth/permissions","true","","","Có: userId lấy từ authenticate, không do request cung cấp","Không","dbo.sp_User_GetCurrent; dbo.sp_RBAC_GetPermissionsByUser","Active authenticated user","","MATCH","backend/src/routes/authRoutes.js:10; backend/src/controllers/authController.js:22; database/08_procedures/auth/sp_User_GetCurrent.sql:1; database/08_procedures/auth/sp_RBAC_GetPermissionsByUser.sql:1; database/08_procedures/auth/sp_User_GetCurrent.sql:27; database/08_procedures/auth/sp_RBAC_GetPermissionsByUser.sql:16; frontend/src/pages/auth/Profile.jsx:1; frontend/src/utils/authorization.js:1; frontend/src/layouts/AreaLayout.jsx:1"
"PUBLIC","KH-04 Xem danh sách phim và chi tiết phim [catalog.listMovies]","GET","/api/movies","false","","","Không","Không","dbo.sp_Movie_List","PUBLIC; XEM_PHIM NOT ENFORCED","XEM_PHIM: NOT ENFORCED","MATCH","backend/src/routes/movieRoutes.js:8; Phân Tích _ Thiết Kế.md:107; backend/src/controllers/catalogController.js:20; database/08_procedures/public/sp_Movie_List.sql:1"
"PUBLIC","KH-05 Xem lịch chiếu theo rạp/suất chiếu [catalog.listShowtimes]","GET","/api/movies/:movieId/showtimes","false","","","Không","Không","dbo.sp_Showtime_ListByMovie","PUBLIC; XEM_PHIM NOT ENFORCED","XEM_PHIM: NOT ENFORCED","MATCH","backend/src/routes/movieRoutes.js:9; Phân Tích _ Thiết Kế.md:117; backend/src/controllers/catalogController.js:24; database/08_procedures/public/sp_Showtime_ListByMovie.sql:1"
"PUBLIC","KH-13 Đánh giá phim đã xem [feedback.listReviews]","GET","/api/movies/:movieId/reviews","false","","","Không","Không","dbo.sp_Review_ListByMovie","PUBLIC; XEM_PHIM NOT ENFORCED","XEM_PHIM: NOT ENFORCED","MATCH","backend/src/routes/movieRoutes.js:10; Phân Tích _ Thiết Kế.md:197; backend/src/controllers/feedbackController.js:4; database/08_procedures/customer/sp_Review_ListByMovie.sql:1"
"KHACH_HANG","KH-13 Đánh giá phim đã xem [feedback.createReview]","POST","/api/movies/:movieId/reviews","true","requireCustomer","DANH_GIA","Có: author từ token; eligibility vé đã xem ở trigger","Không","dbo.sp_Review_Create","KHACH_HANG area; exact action guards; own history has no write permission","","MATCH","backend/src/routes/movieRoutes.js:12; 08_procedures/customer/sp_Review_Create.sql"
"PUBLIC","KH-04 Xem danh sách phim và chi tiết phim [catalog.getMovieDetail]","GET","/api/movies/:movieId","false","","","Không","Không","dbo.sp_Movie_GetDetail","PUBLIC; XEM_PHIM NOT ENFORCED","XEM_PHIM: NOT ENFORCED","MATCH","backend/src/routes/movieRoutes.js:12; Phân Tích _ Thiết Kế.md:107; backend/src/controllers/catalogController.js:21; database/08_procedures/public/sp_Movie_GetDetail.sql:1"
"PUBLIC","KH-05 Xem lịch chiếu theo rạp/suất chiếu [catalog.listCinemas]","GET","/api/cinemas","false","","","Không","Không","dbo.sp_Cinema_List","PUBLIC; XEM_PHIM NOT ENFORCED","XEM_PHIM: NOT ENFORCED","MATCH","backend/src/routes/cinemaRoutes.js:5; Phân Tích _ Thiết Kế.md:117; backend/src/controllers/catalogController.js:22; database/08_procedures/public/sp_Cinema_List.sql:1; database/08_procedures/public/sp_Cinema_List.sql:16; database/08_procedures/public/sp_Cinema_List.sql:19"
"PUBLIC","KH-05 Xem lịch chiếu theo rạp/suất chiếu [catalog.listCinemaImages]","GET","/api/cinemas/:cinemaId/images","false","","","Không","Không","dbo.sp_Cinema_GetImages","PUBLIC; XEM_PHIM NOT ENFORCED","XEM_PHIM: NOT ENFORCED","MATCH","backend/src/routes/cinemaRoutes.js:6; Phân Tích _ Thiết Kế.md:117; backend/src/controllers/catalogController.js:23; database/08_procedures/public/sp_Cinema_GetImages.sql:1; database/08_procedures/public/sp_Cinema_GetImages.sql:12"
"PUBLIC","KH-04 Xem danh sách phim và chi tiết phim [catalog.listGenres]","GET","/api/genres","false","","","Không","Không","dbo.sp_Genre_List","PUBLIC; XEM_PHIM NOT ENFORCED","XEM_PHIM: NOT ENFORCED","MATCH","backend/src/routes/genreRoutes.js:5; Phân Tích _ Thiết Kế.md:107; backend/src/controllers/catalogController.js:19; database/08_procedures/public/sp_Genre_List.sql:1"
"PUBLIC","KH-06 Chọn ghế theo suất chiếu [booking.listSeats]","GET","/api/showtimes/:showtimeId/seats","false","","","Không","Không","dbo.sp_Seat_ListByShowtime","PUBLIC; XEM_PHIM NOT ENFORCED","XEM_PHIM: NOT ENFORCED","MATCH","backend/src/routes/showtimeRoutes.js:6; Phân Tích _ Thiết Kế.md:127; backend/src/controllers/bookingController.js:5; database/08_procedures/public/sp_Seat_ListByShowtime.sql:1"
"PUBLIC","KH-05 Xem lịch chiếu theo rạp/suất chiếu [catalog.getShowtimeDetail]","GET","/api/showtimes/:showtimeId","false","","","Không","Không","dbo.sp_Showtime_GetDetail","PUBLIC; XEM_PHIM NOT ENFORCED","XEM_PHIM: NOT ENFORCED","MATCH","backend/src/routes/showtimeRoutes.js:7; Phân Tích _ Thiết Kế.md:117; backend/src/controllers/catalogController.js:25; database/08_procedures/public/sp_Showtime_GetDetail.sql:1"
"PUBLIC","KH-08 Mua đồ ăn/thức uống kèm vé [booking.listProducts]","GET","/api/products","false","","","Không","Không","dbo.sp_Product_ListActive","PUBLIC; XEM_PHIM NOT ENFORCED","XEM_PHIM: NOT ENFORCED","MATCH","backend/src/routes/productRoutes.js:5; Phân Tích _ Thiết Kế.md:147; backend/src/controllers/bookingController.js:11; database/08_procedures/public/sp_Product_ListActive.sql:1"
"KHACH_HANG","KH-09 Áp dụng mã khuyến mãi [booking.validatePromotion]","POST","/api/promotions/validate","true","requireCustomer","DAT_VE","Không: preview không truy cập dữ liệu riêng","Không","dbo.sp_Seat_ListByShowtime; dbo.sp_Product_ListActive; dbo.sp_Promotion_Validate","KHACH_HANG area; exact action guards; own history has no write permission","","MATCH","backend/src/routes/promotionRoutes.js:8; 08_procedures/public/sp_Seat_ListByShowtime.sql; 08_procedures/public/sp_Product_ListActive.sql; 08_procedures/public/sp_Promotion_Validate.sql"
"KHACH_HANG","KH-07 Đặt vé; KH-08 Mua đồ ăn/thức uống kèm vé; KH-09 Áp dụng mã khuyến mãi [booking.createBooking]","POST","/api/bookings","true","requireCustomer","DAT_VE","Có: chủ đơn mới từ token; không nhận userId từ body","Không","dbo.sp_Booking_Create","KHACH_HANG area; exact action guards; own history has no write permission","","MATCH","backend/src/routes/bookingRoutes.js:8; 08_procedures/booking/sp_Booking_Create.sql"
"KHACH_HANG","KH-11 Xem lịch sử đặt vé [order.listOrders]","GET","/api/orders","true","requireCustomer","","Có: order.NguoiDungID=req.user.userId; payment phải thuộc order đã kiểm ownership","Không","dbo.sp_Order_ListByCustomer","KHACH_HANG area; exact action guards; own history has no write permission","","MATCH","backend/src/routes/orderRoutes.js:9; 08_procedures/customer/sp_Order_ListByCustomer.sql"
"KHACH_HANG","KH-12 Xem chi tiết đơn đặt vé [order.getOrderDetail]","GET","/api/orders/:orderId","true","requireCustomer","","Có: order.NguoiDungID=req.user.userId; payment phải thuộc order đã kiểm ownership","Không","dbo.sp_Order_GetDetailByCustomer","KHACH_HANG area; exact action guards; own history has no write permission","","MATCH","backend/src/routes/orderRoutes.js:10; 08_procedures/customer/sp_Order_GetDetailByCustomer.sql"
"KHACH_HANG","KH-10 Thanh toán đơn đặt vé [order.createPaymentAttempt]","POST","/api/orders/:orderId/payments","true","requireCustomer","THANH_TOAN","Có: order.NguoiDungID=req.user.userId; payment phải thuộc order đã kiểm ownership","Không","dbo.sp_Order_GetDetailByCustomer; dbo.sp_Payment_CreateAttempt","KHACH_HANG area; exact action guards; own history has no write permission","","MATCH","backend/src/routes/orderRoutes.js:11; 08_procedures/customer/sp_Order_GetDetailByCustomer.sql; 08_procedures/payment/sp_Payment_CreateAttempt.sql"
"KHACH_HANG","KH-10 Thanh toán đơn đặt vé [order.updatePaymentResult]","POST","/api/orders/:orderId/payments/:paymentId/result","true","requireCustomer","THANH_TOAN","Có: order.NguoiDungID=req.user.userId; payment phải thuộc order đã kiểm ownership","Không","dbo.sp_Order_GetDetailByCustomer; dbo.sp_Payment_UpdateResult","KHACH_HANG area; exact action guards; own history has no write permission","","MATCH","backend/src/routes/orderRoutes.js:12; 08_procedures/customer/sp_Order_GetDetailByCustomer.sql; 08_procedures/payment/sp_Payment_UpdateResult.sql"
"KHACH_HANG","KH-14 Gửi khiếu nại [feedback.listComplaints]","GET","/api/complaints","true","requireCustomer","","Có: NguoiDungID từ token; order tham chiếu và complaint thuộc người dùng","Không","dbo.sp_Complaint_ListByCustomer","KHACH_HANG area; exact action guards; own history has no write permission","","MATCH","backend/src/routes/complaintRoutes.js:9; 08_procedures/customer/sp_Complaint_ListByCustomer.sql"
"KHACH_HANG","KH-14 Gửi khiếu nại [feedback.createComplaint]","POST","/api/complaints","true","requireCustomer","GUI_KHIEU_NAI","Có: NguoiDungID từ token; order tham chiếu và complaint thuộc người dùng","Không","dbo.sp_Complaint_Create","KHACH_HANG area; exact action guards; own history has no write permission","","MATCH","backend/src/routes/complaintRoutes.js:10; 08_procedures/customer/sp_Complaint_Create.sql"
"KHACH_HANG","KH-14 Gửi khiếu nại [feedback.getComplaint]","GET","/api/complaints/:complaintId","true","requireCustomer","","Có: NguoiDungID từ token; order tham chiếu và complaint thuộc người dùng","Không","dbo.sp_Complaint_GetByCustomer","KHACH_HANG area; exact action guards; own history has no write permission","","MATCH","backend/src/routes/complaintRoutes.js:11; 08_procedures/customer/sp_Complaint_GetByCustomer.sql"
"QUAN_LY_RAP","QLR-01 Đăng nhập hệ thống [manager.listCinemas]","GET","/api/manager/cinemas","true","requireManager","","Không","Có: PHANCONG_RAP status Hiệu lực + ngày hiện hành; RapID lấy từ cinema/room/seat/showtime/pricing ở DB","dbo.sp_Manager_ListAssignedCinemas","QUAN_LY_RAP area; per-section load/action, current assignment","","MATCH","backend/src/routes/managerRoutes.js:9; 08_procedures/manager/sp_Manager_ListAssignedCinemas.sql"
"QUAN_LY_RAP","QLR-02 Quản lý phòng chiếu thuộc rạp được phân công [manager.listRooms]","GET","/api/manager/cinemas/:cinemaId/rooms","true","requireManager","QL_PHONG","Không","Có: PHANCONG_RAP status Hiệu lực + ngày hiện hành; RapID lấy từ cinema/room/seat/showtime/pricing ở DB","dbo.sp_Manager_Room_List","QUAN_LY_RAP area; per-section load/action, current assignment","","MATCH","backend/src/routes/managerRoutes.js:10; 08_procedures/manager/sp_Manager_Room_List.sql"
"QUAN_LY_RAP","QLR-02 Quản lý phòng chiếu thuộc rạp được phân công [manager.createRoom]","POST","/api/manager/cinemas/:cinemaId/rooms","true","requireManager","QL_PHONG","Không","Có: PHANCONG_RAP status Hiệu lực + ngày hiện hành; RapID lấy từ cinema/room/seat/showtime/pricing ở DB","dbo.sp_Manager_Room_Create","QUAN_LY_RAP area; per-section load/action, current assignment","","MATCH","backend/src/routes/managerRoutes.js:11; 08_procedures/manager/sp_Manager_Room_Create.sql"
"QUAN_LY_RAP","QLR-02 Quản lý phòng chiếu thuộc rạp được phân công [manager.updateRoom]","PUT","/api/manager/rooms/:roomId","true","requireManager","QL_PHONG","Không","Có: PHANCONG_RAP status Hiệu lực + ngày hiện hành; RapID lấy từ cinema/room/seat/showtime/pricing ở DB","dbo.sp_Manager_Room_Update","QUAN_LY_RAP area; per-section load/action, current assignment","","MATCH","backend/src/routes/managerRoutes.js:12; 08_procedures/manager/sp_Manager_Room_Update.sql"
"QUAN_LY_RAP","QLR-02 Quản lý phòng chiếu thuộc rạp được phân công [manager.deleteRoom]","DELETE","/api/manager/rooms/:roomId","true","requireManager","QL_PHONG","Không","Có: PHANCONG_RAP status Hiệu lực + ngày hiện hành; RapID lấy từ cinema/room/seat/showtime/pricing ở DB","dbo.sp_Manager_Room_Delete","QUAN_LY_RAP area; per-section load/action, current assignment","","MATCH","backend/src/routes/managerRoutes.js:13; 08_procedures/manager/sp_Manager_Room_Delete.sql"
"QUAN_LY_RAP","QLR-03 Quản lý sơ đồ ghế thuộc rạp được phân công [manager.listSeats]","GET","/api/manager/rooms/:roomId/seats","true","requireManager","QL_GHE","Không","Có: PHANCONG_RAP status Hiệu lực + ngày hiện hành; RapID lấy từ cinema/room/seat/showtime/pricing ở DB","dbo.sp_Manager_Seat_ListByRoom","QUAN_LY_RAP area; per-section load/action, current assignment","","MATCH","backend/src/routes/managerRoutes.js:14; 08_procedures/manager/sp_Manager_Seat_ListByRoom.sql"
"QUAN_LY_RAP","QLR-03 Quản lý sơ đồ ghế thuộc rạp được phân công [manager.createSeat]","POST","/api/manager/rooms/:roomId/seats","true","requireManager","QL_GHE","Không","Có: PHANCONG_RAP status Hiệu lực + ngày hiện hành; RapID lấy từ cinema/room/seat/showtime/pricing ở DB","dbo.sp_Manager_Seat_Create","QUAN_LY_RAP area; per-section load/action, current assignment","","MATCH","backend/src/routes/managerRoutes.js:15; 08_procedures/manager/sp_Manager_Seat_Create.sql"
"QUAN_LY_RAP","QLR-03 Quản lý sơ đồ ghế thuộc rạp được phân công [manager.updateSeat]","PUT","/api/manager/seats/:seatId","true","requireManager","QL_GHE","Không","Có: PHANCONG_RAP status Hiệu lực + ngày hiện hành; RapID lấy từ cinema/room/seat/showtime/pricing ở DB","dbo.sp_Manager_Seat_Update","QUAN_LY_RAP area; per-section load/action, current assignment","","MATCH","backend/src/routes/managerRoutes.js:16; 08_procedures/manager/sp_Manager_Seat_Update.sql"
"QUAN_LY_RAP","QLR-03 Quản lý sơ đồ ghế thuộc rạp được phân công [manager.deleteSeat]","DELETE","/api/manager/seats/:seatId","true","requireManager","QL_GHE","Không","Có: PHANCONG_RAP status Hiệu lực + ngày hiện hành; RapID lấy từ cinema/room/seat/showtime/pricing ở DB","dbo.sp_Manager_Seat_Delete","QUAN_LY_RAP area; per-section load/action, current assignment","","MATCH","backend/src/routes/managerRoutes.js:17; 08_procedures/manager/sp_Manager_Seat_Delete.sql"
"QUAN_LY_RAP","QLR-04 Tạo suất chiếu [manager.listShowtimes]","GET","/api/manager/cinemas/:cinemaId/showtimes","true","requireManager","QL_SUAT_CHIEU","Không","Có: PHANCONG_RAP status Hiệu lực + ngày hiện hành; RapID lấy từ cinema/room/seat/showtime/pricing ở DB","dbo.sp_Manager_Showtime_List","QUAN_LY_RAP area; per-section load/action, current assignment","","MATCH","backend/src/routes/managerRoutes.js:18; 08_procedures/manager/sp_Manager_Showtime_List.sql"
"QUAN_LY_RAP","QLR-04 Tạo suất chiếu [manager.createShowtime]","POST","/api/manager/showtimes","true","requireManager","QL_SUAT_CHIEU","Không","Có: PHANCONG_RAP status Hiệu lực + ngày hiện hành; RapID lấy từ cinema/room/seat/showtime/pricing ở DB","dbo.sp_Manager_Showtime_Create","QUAN_LY_RAP area; per-section load/action, current assignment","","MATCH","backend/src/routes/managerRoutes.js:19; 08_procedures/manager/sp_Manager_Showtime_Create.sql"
"QUAN_LY_RAP","QLR-05 Sửa suất chiếu [manager.updateShowtime]","PUT","/api/manager/showtimes/:showtimeId","true","requireManager","QL_SUAT_CHIEU","Không","Có: PHANCONG_RAP status Hiệu lực + ngày hiện hành; RapID lấy từ cinema/room/seat/showtime/pricing ở DB","dbo.sp_Manager_Showtime_Update","QUAN_LY_RAP area; per-section load/action, current assignment","","MATCH","backend/src/routes/managerRoutes.js:20; 08_procedures/manager/sp_Manager_Showtime_Update.sql"
"QUAN_LY_RAP","QLR-06 Hủy suất chiếu [manager.cancelShowtime]","POST","/api/manager/showtimes/:showtimeId/cancel","true","requireManager","QL_SUAT_CHIEU","Không","Có: PHANCONG_RAP status Hiệu lực + ngày hiện hành; RapID lấy từ cinema/room/seat/showtime/pricing ở DB","dbo.sp_Manager_Showtime_Cancel","QUAN_LY_RAP area; per-section load/action, current assignment","","MATCH","backend/src/routes/managerRoutes.js:21; 08_procedures/manager/sp_Manager_Showtime_Cancel.sql"
"QUAN_LY_RAP","QLR-07 Cấu hình bảng giá cho rạp được phân công [manager.listPricing]","GET","/api/manager/cinemas/:cinemaId/pricing","true","requireManager","QL_BANG_GIA","Không","Có: PHANCONG_RAP status Hiệu lực + ngày hiện hành; RapID lấy từ cinema/room/seat/showtime/pricing ở DB","dbo.sp_Manager_Pricing_List","QUAN_LY_RAP area; per-section load/action, current assignment","","MATCH","backend/src/routes/managerRoutes.js:22; 08_procedures/manager/sp_Manager_Pricing_List.sql"
"QUAN_LY_RAP","QLR-07 Cấu hình bảng giá cho rạp được phân công [manager.createPricing]","POST","/api/manager/cinemas/:cinemaId/pricing","true","requireManager","QL_BANG_GIA","Không","Có: PHANCONG_RAP status Hiệu lực + ngày hiện hành; RapID lấy từ cinema/room/seat/showtime/pricing ở DB","dbo.sp_Manager_Pricing_Create","QUAN_LY_RAP area; per-section load/action, current assignment","","MATCH","backend/src/routes/managerRoutes.js:23; 08_procedures/manager/sp_Manager_Pricing_Create.sql"
"QUAN_LY_RAP","QLR-07 Cấu hình bảng giá cho rạp được phân công [manager.updatePricing]","PUT","/api/manager/pricing/:pricingId","true","requireManager","QL_BANG_GIA","Không","Có: PHANCONG_RAP status Hiệu lực + ngày hiện hành; RapID lấy từ cinema/room/seat/showtime/pricing ở DB","dbo.sp_Manager_Pricing_Update","QUAN_LY_RAP area; per-section load/action, current assignment","","MATCH","backend/src/routes/managerRoutes.js:24; 08_procedures/manager/sp_Manager_Pricing_Update.sql"
"QUAN_LY_RAP","QLR-08 Theo dõi hoạt động rạp được phân công [manager.dashboard]","GET","/api/manager/cinemas/:cinemaId/dashboard","true","requireManager","XEM_BAO_CAO_RAP","Không","Có: PHANCONG_RAP status Hiệu lực + ngày hiện hành; RapID lấy từ cinema/room/seat/showtime/pricing ở DB","dbo.sp_Manager_Dashboard","QUAN_LY_RAP area; per-section load/action, current assignment","","MATCH","backend/src/routes/managerRoutes.js:25; 08_procedures/manager/sp_Manager_Dashboard.sql"
"QUAN_LY_RAP","QLR-09 Xem báo cáo doanh thu rạp được phân công [manager.revenue]","GET","/api/manager/cinemas/:cinemaId/revenue","true","requireManager","XEM_BAO_CAO_RAP","Không","Có: PHANCONG_RAP status Hiệu lực + ngày hiện hành; RapID lấy từ cinema/room/seat/showtime/pricing ở DB","dbo.sp_Manager_Revenue","QUAN_LY_RAP area; per-section load/action, current assignment","","MATCH","backend/src/routes/managerRoutes.js:26; 08_procedures/manager/sp_Manager_Revenue.sql"
"CSKH","CSKH-02 Xem danh sách khiếu nại [support.list]","GET","/api/support/complaints","true","requireSupport","QL_KHIEUNAI","Không ownership Customer: queue CSKH; order bị giới hạn theo complaint liên kết, không nhận orderId tự do","Không","dbo.sp_Support_Complaint_List","CSKH + QL read; process QL+XULY; reference QL+TRA","","MATCH","backend/src/routes/supportRoutes.js:11; 08_procedures/support/sp_Support_Complaint_List.sql"
"CSKH","CSKH-03 Tra cứu chi tiết khiếu nại [support.detail]","GET","/api/support/complaints/:complaintId","true","requireSupport","QL_KHIEUNAI","Không ownership Customer: queue CSKH; order bị giới hạn theo complaint liên kết, không nhận orderId tự do","Không","dbo.sp_Support_Complaint_GetDetail","CSKH + QL read; process QL+XULY; reference QL+TRA","","MATCH","backend/src/routes/supportRoutes.js:12; 08_procedures/support/sp_Support_Complaint_GetDetail.sql"
"CSKH","CSKH-04 Xem đơn đặt vé tham chiếu (nếu có) [support.orderReference]","GET","/api/support/complaints/:complaintId/order-reference","true","requireSupport","QL_KHIEUNAI; TRA_CUU_DON","Không ownership Customer: queue CSKH; order bị giới hạn theo complaint liên kết, không nhận orderId tự do","Không","dbo.sp_Support_Complaint_GetOrderReference","CSKH + QL read; process QL+XULY; reference QL+TRA","","MATCH","backend/src/routes/supportRoutes.js:13; 08_procedures/support/sp_Support_Complaint_GetOrderReference.sql"
"CSKH","CSKH-05 Ghi nhận lần xử lý khiếu nại [support.addProcessing]","POST","/api/support/complaints/:complaintId/processings","true","requireSupport","QL_KHIEUNAI; XULY_KHIEUNAI","Không ownership Customer: queue CSKH; order bị giới hạn theo complaint liên kết, không nhận orderId tự do","Không","dbo.sp_Support_Complaint_AddProcessing","CSKH + QL read; process QL+XULY; reference QL+TRA","","MATCH","backend/src/routes/supportRoutes.js:18; 08_procedures/support/sp_Support_Complaint_AddProcessing.sql"
"CSKH","CSKH-06 Cập nhật trạng thái khiếu nại [support.updateStatus]","PUT","/api/support/complaints/:complaintId/status","true","requireSupport","QL_KHIEUNAI; XULY_KHIEUNAI","Không ownership Customer: queue CSKH; order bị giới hạn theo complaint liên kết, không nhận orderId tự do","Không","dbo.sp_Support_Complaint_UpdateStatus","CSKH + QL read; process QL+XULY; reference QL+TRA","","MATCH","backend/src/routes/supportRoutes.js:23; 08_procedures/support/sp_Support_Complaint_UpdateStatus.sql"
"ADMIN","ADM-16 Xem báo cáo doanh thu toàn hệ thống [admin.dashboard]","GET","/api/admin/dashboard","true","requireAdmin","XEM_BAO_CAO_TOANHE","Không","Không","dbo.sp_Admin_Dashboard","ADMIN area; per-section/action exact permission; first permitted tab","","MATCH","backend/src/routes/adminRoutes.js:11; 08_procedures/admin/sp_Admin_Dashboard.sql"
"ADMIN","ADM-02 Quản lý tài khoản người dùng (khóa/mở tài khoản) [admin.users]","GET","/api/admin/users","true","requireAdmin","QL_NGUOIDUNG","Không","Không","dbo.sp_Admin_User_List","ADMIN area; per-section/action exact permission; first permitted tab","","MATCH","backend/src/routes/adminRoutes.js:12; 08_procedures/admin/sp_Admin_User_List.sql"
"ADMIN","ADM-02 Quản lý tài khoản người dùng (khóa/mở tài khoản) [admin.createUser]","POST","/api/admin/users","true","requireAdmin","QL_NGUOIDUNG","Không","Không","dbo.sp_Admin_User_Create","ADMIN area; per-section/action exact permission; first permitted tab","","MATCH","backend/src/routes/adminRoutes.js:13; 08_procedures/admin/sp_Admin_User_Create.sql"
"ADMIN","ADM-02 Quản lý tài khoản người dùng (khóa/mở tài khoản) [admin.setUserStatus]","PUT","/api/admin/users/:userId/status","true","requireAdmin","QL_NGUOIDUNG","Không","Không","dbo.sp_Admin_User_UpdateStatus","ADMIN area; per-section/action exact permission; first permitted tab","","MATCH","backend/src/routes/adminRoutes.js:14; 08_procedures/admin/sp_Admin_User_UpdateStatus.sql"
"ADMIN","ADM-03 Quản lý vai trò [admin.roles]","GET","/api/admin/roles","true","requireAdmin","QL_VAITRO","Không","Không","dbo.sp_Admin_Role_List","ADMIN area; per-section/action exact permission; first permitted tab","","MATCH","backend/src/routes/adminRoutes.js:15; 08_procedures/admin/sp_Admin_Role_List.sql"
"ADMIN","ADM-05 Gán quyền cho vai trò [admin.rolePermissions]","GET","/api/admin/roles/:roleId/permissions","true","requireAdmin","QL_QUYEN","Không","Không","dbo.usp_Admin_RolePermission_List","ADMIN area; per-section/action exact permission; first permitted tab","","MATCH","backend/src/routes/adminRoutes.js:16; 08_procedures/admin/usp_Admin_RolePermission_List.sql"
"ADMIN","ADM-03 Quản lý vai trò [admin.createRole]","POST","/api/admin/roles","true","requireAdmin","QL_VAITRO","Không","Không","dbo.sp_Admin_Role_Create","ADMIN area; per-section/action exact permission; first permitted tab","","MATCH","backend/src/routes/adminRoutes.js:17; 08_procedures/admin/sp_Admin_Role_Create.sql"
"ADMIN","ADM-03 Quản lý vai trò [admin.updateRole]","PUT","/api/admin/roles/:roleId","true","requireAdmin","QL_VAITRO","Không","Không","dbo.sp_Admin_Role_Update","ADMIN area; per-section/action exact permission; first permitted tab","","MATCH","backend/src/routes/adminRoutes.js:18; 08_procedures/admin/sp_Admin_Role_Update.sql"
"ADMIN","ADM-03 Quản lý vai trò [admin.deleteRole]","DELETE","/api/admin/roles/:roleId","true","requireAdmin","QL_VAITRO","Không","Không","dbo.sp_Admin_Role_Delete","ADMIN area; per-section/action exact permission; first permitted tab","","MATCH","backend/src/routes/adminRoutes.js:19; 08_procedures/admin/sp_Admin_Role_Delete.sql"
"ADMIN","ADM-04 Quản lý danh mục quyền [admin.permissions]","GET","/api/admin/permissions","true","requireAdmin","QL_QUYEN","Không","Không","dbo.sp_Admin_Permission_List","ADMIN area; per-section/action exact permission; first permitted tab","","MATCH","backend/src/routes/adminRoutes.js:20; 08_procedures/admin/sp_Admin_Permission_List.sql"
"ADMIN","ADM-04 Quản lý danh mục quyền [admin.createPermission]","POST","/api/admin/permissions","true","requireAdmin","QL_QUYEN","Không","Không","dbo.sp_Admin_Permission_Create","ADMIN area; per-section/action exact permission; first permitted tab","","MATCH","backend/src/routes/adminRoutes.js:21; 08_procedures/admin/sp_Admin_Permission_Create.sql"
"ADMIN","ADM-04 Quản lý danh mục quyền [admin.updatePermission]","PUT","/api/admin/permissions/:permissionId","true","requireAdmin","QL_QUYEN","Không","Không","dbo.sp_Admin_Permission_Update","ADMIN area; per-section/action exact permission; first permitted tab","","MATCH","backend/src/routes/adminRoutes.js:22; 08_procedures/admin/sp_Admin_Permission_Update.sql"
"ADMIN","ADM-04 Quản lý danh mục quyền [admin.deletePermission]","DELETE","/api/admin/permissions/:permissionId","true","requireAdmin","QL_QUYEN","Không","Không","dbo.sp_Admin_Permission_Delete","ADMIN area; per-section/action exact permission; first permitted tab","","MATCH","backend/src/routes/adminRoutes.js:23; 08_procedures/admin/sp_Admin_Permission_Delete.sql"
"ADMIN","ADM-05 Gán quyền cho vai trò [admin.setRolePermissions]","PUT","/api/admin/roles/:roleId/permissions","true","requireAdmin","QL_QUYEN","Không","Không","dbo.sp_Admin_RolePermission_Set","ADMIN area; per-section/action exact permission; first permitted tab","","MATCH","backend/src/routes/adminRoutes.js:24; 08_procedures/admin/sp_Admin_RolePermission_Set.sql"
"ADMIN","ADM-06 Phân công quản lý rạp [admin.assignments]","GET","/api/admin/assignments","true","requireAdmin","PHANCONG_RAP","Không","Không","dbo.sp_Admin_Assignment_List","ADMIN area; per-section/action exact permission; first permitted tab","","MATCH","backend/src/routes/adminRoutes.js:25; 08_procedures/admin/sp_Admin_Assignment_List.sql"
"ADMIN","ADM-06 Phân công quản lý rạp [admin.createAssignment]","POST","/api/admin/assignments","true","requireAdmin","PHANCONG_RAP","Không","Không","dbo.sp_Admin_Assignment_Create","ADMIN area; per-section/action exact permission; first permitted tab","","MATCH","backend/src/routes/adminRoutes.js:26; 08_procedures/admin/sp_Admin_Assignment_Create.sql"
"ADMIN","ADM-06 Phân công quản lý rạp [admin.updateAssignment]","PUT","/api/admin/assignments/:assignmentId","true","requireAdmin","PHANCONG_RAP","Không","Không","dbo.usp_Admin_Assignment_Update","ADMIN area; per-section/action exact permission; first permitted tab","","MATCH","backend/src/routes/adminRoutes.js:27; 08_procedures/admin/usp_Admin_Assignment_Update.sql"
"ADMIN","ADM-07 Quản lý rạp chiếu phim (toàn hệ thống) [admin.cinemas]","GET","/api/admin/cinemas","true","requireAdmin","QL_RAP","Không","Không","dbo.usp_Admin_Cinema_List","ADMIN area; per-section/action exact permission; first permitted tab","","MATCH","backend/src/routes/adminRoutes.js:28; 08_procedures/admin/usp_Admin_Cinema_List.sql"
"ADMIN","ADM-07 Quản lý rạp chiếu phim (toàn hệ thống) [admin.createCinema]","POST","/api/admin/cinemas","true","requireAdmin","QL_RAP","Không","Không","dbo.sp_Admin_Cinema_Create","ADMIN area; per-section/action exact permission; first permitted tab","","MATCH","backend/src/routes/adminRoutes.js:29; 08_procedures/admin/sp_Admin_Cinema_Create.sql"
"ADMIN","ADM-07 Quản lý rạp chiếu phim (toàn hệ thống) [admin.updateCinema]","PUT","/api/admin/cinemas/:cinemaId","true","requireAdmin","QL_RAP","Không","Không","dbo.sp_Admin_Cinema_Update","ADMIN area; per-section/action exact permission; first permitted tab","","MATCH","backend/src/routes/adminRoutes.js:30; 08_procedures/admin/sp_Admin_Cinema_Update.sql"
"ADMIN","ADM-07 Quản lý rạp chiếu phim (toàn hệ thống) [admin.deleteCinema]","DELETE","/api/admin/cinemas/:cinemaId","true","requireAdmin","QL_RAP","Không","Không","dbo.sp_Admin_Cinema_Delete","ADMIN area; per-section/action exact permission; first permitted tab","","MATCH","backend/src/routes/adminRoutes.js:31; 08_procedures/admin/sp_Admin_Cinema_Delete.sql"
"ADMIN","ADM-07 Quản lý rạp chiếu phim (toàn hệ thống) [admin.cinemaImages]","GET","/api/admin/cinemas/:cinemaId/images","true","requireAdmin","QL_RAP","Không","Không","dbo.usp_Admin_CinemaImage_List","ADMIN area; per-section/action exact permission; first permitted tab","","MATCH","backend/src/routes/adminRoutes.js:32; 08_procedures/admin/usp_Admin_CinemaImage_List.sql"
"ADMIN","ADM-07 Quản lý rạp chiếu phim (toàn hệ thống) [admin.createCinemaImage]","POST","/api/admin/cinemas/:cinemaId/images","true","requireAdmin","QL_RAP","Không","Không","dbo.usp_Admin_CinemaImage_Create","ADMIN area; per-section/action exact permission; first permitted tab","","MATCH","backend/src/routes/adminRoutes.js:33; 08_procedures/admin/usp_Admin_CinemaImage_Create.sql"
"ADMIN","ADM-07 Quản lý rạp chiếu phim (toàn hệ thống) [admin.updateCinemaImage]","PUT","/api/admin/cinemas/:cinemaId/images/:imageId","true","requireAdmin","QL_RAP","Không","Không","dbo.usp_Admin_CinemaImage_Update","ADMIN area; per-section/action exact permission; first permitted tab","","MATCH","backend/src/routes/adminRoutes.js:34; 08_procedures/admin/usp_Admin_CinemaImage_Update.sql"
"ADMIN","ADM-07 Quản lý rạp chiếu phim (toàn hệ thống) [admin.deleteCinemaImage]","DELETE","/api/admin/cinemas/:cinemaId/images/:imageId","true","requireAdmin","QL_RAP","Không","Không","dbo.usp_Admin_CinemaImage_Delete","ADMIN area; per-section/action exact permission; first permitted tab","","MATCH","backend/src/routes/adminRoutes.js:35; 08_procedures/admin/usp_Admin_CinemaImage_Delete.sql"
"ADMIN","ADM-07 Quản lý rạp chiếu phim (toàn hệ thống) [admin.setCinemaImageCover]","PATCH","/api/admin/cinemas/:cinemaId/images/:imageId/cover","true","requireAdmin","QL_RAP","Không","Không","dbo.usp_Admin_CinemaImage_SetCover","ADMIN area; per-section/action exact permission; first permitted tab","","MATCH","backend/src/routes/adminRoutes.js:36; 08_procedures/admin/usp_Admin_CinemaImage_SetCover.sql"
"ADMIN","ADM-08 Quản lý phòng chiếu và ghế (toàn hệ thống) [admin.rooms]","GET","/api/admin/rooms","true","requireAdmin","QL_PHONG","Không","Không","dbo.usp_Admin_Room_List","ADMIN area; per-section/action exact permission; first permitted tab","","MATCH","backend/src/routes/adminRoutes.js:37; 08_procedures/admin/usp_Admin_Room_List.sql"
"ADMIN","ADM-08 Quản lý phòng chiếu và ghế (toàn hệ thống) [admin.createRoom]","POST","/api/admin/rooms","true","requireAdmin","QL_PHONG","Không","Không","dbo.usp_Admin_Room_Create","ADMIN area; per-section/action exact permission; first permitted tab","","MATCH","backend/src/routes/adminRoutes.js:38; 08_procedures/admin/usp_Admin_Room_Create.sql"
"ADMIN","ADM-08 Quản lý phòng chiếu và ghế (toàn hệ thống) [admin.updateRoom]","PUT","/api/admin/rooms/:roomId","true","requireAdmin","QL_PHONG","Không","Không","dbo.usp_Admin_Room_Update","ADMIN area; per-section/action exact permission; first permitted tab","","MATCH","backend/src/routes/adminRoutes.js:39; 08_procedures/admin/usp_Admin_Room_Update.sql"
"ADMIN","ADM-08 Quản lý phòng chiếu và ghế (toàn hệ thống) [admin.deleteRoom]","DELETE","/api/admin/rooms/:roomId","true","requireAdmin","QL_PHONG","Không","Không","dbo.usp_Admin_Room_Delete","ADMIN area; per-section/action exact permission; first permitted tab","","MATCH","backend/src/routes/adminRoutes.js:40; 08_procedures/admin/usp_Admin_Room_Delete.sql"
"ADMIN","ADM-08 Quản lý phòng chiếu và ghế (toàn hệ thống) [admin.seats]","GET","/api/admin/seats","true","requireAdmin","QL_GHE","Không","Không","dbo.usp_Admin_Seat_List","ADMIN area; per-section/action exact permission; first permitted tab","","MATCH","backend/src/routes/adminRoutes.js:41; 08_procedures/admin/usp_Admin_Seat_List.sql"
"ADMIN","ADM-08 Quản lý phòng chiếu và ghế (toàn hệ thống) [admin.createSeat]","POST","/api/admin/seats","true","requireAdmin","QL_GHE","Không","Không","dbo.usp_Admin_Seat_Create","ADMIN area; per-section/action exact permission; first permitted tab","","MATCH","backend/src/routes/adminRoutes.js:42; 08_procedures/admin/usp_Admin_Seat_Create.sql"
"ADMIN","ADM-08 Quản lý phòng chiếu và ghế (toàn hệ thống) [admin.updateSeat]","PUT","/api/admin/seats/:seatId","true","requireAdmin","QL_GHE","Không","Không","dbo.usp_Admin_Seat_Update","ADMIN area; per-section/action exact permission; first permitted tab","","MATCH","backend/src/routes/adminRoutes.js:43; 08_procedures/admin/usp_Admin_Seat_Update.sql"
"ADMIN","ADM-08 Quản lý phòng chiếu và ghế (toàn hệ thống) [admin.deleteSeat]","DELETE","/api/admin/seats/:seatId","true","requireAdmin","QL_GHE","Không","Không","dbo.usp_Admin_Seat_Delete","ADMIN area; per-section/action exact permission; first permitted tab","","MATCH","backend/src/routes/adminRoutes.js:44; 08_procedures/admin/usp_Admin_Seat_Delete.sql"
"ADMIN","ADM-13 Quản lý bảng giá (toàn hệ thống) [admin.pricing]","GET","/api/admin/pricing","true","requireAdmin","QL_BANG_GIA","Không","Không","dbo.usp_Admin_Pricing_List","ADMIN area; per-section/action exact permission; first permitted tab","","MATCH","backend/src/routes/adminRoutes.js:45; 08_procedures/admin/usp_Admin_Pricing_List.sql"
"ADMIN","ADM-13 Quản lý bảng giá (toàn hệ thống) [admin.createPricing]","POST","/api/admin/pricing","true","requireAdmin","QL_BANG_GIA","Không","Không","dbo.usp_Admin_Pricing_Create","ADMIN area; per-section/action exact permission; first permitted tab","","MATCH","backend/src/routes/adminRoutes.js:46; 08_procedures/admin/usp_Admin_Pricing_Create.sql"
"ADMIN","ADM-13 Quản lý bảng giá (toàn hệ thống) [admin.updatePricing]","PUT","/api/admin/pricing/:pricingId","true","requireAdmin","QL_BANG_GIA","Không","Không","dbo.usp_Admin_Pricing_Update","ADMIN area; per-section/action exact permission; first permitted tab","","MATCH","backend/src/routes/adminRoutes.js:47; 08_procedures/admin/usp_Admin_Pricing_Update.sql"
"ADMIN","ADM-14 Quản lý suất chiếu (toàn hệ thống) [admin.showtimes]","GET","/api/admin/showtimes","true","requireAdmin","QL_SUAT_CHIEU","Không","Không","dbo.usp_Admin_Showtime_List","ADMIN area; per-section/action exact permission; first permitted tab","","MATCH","backend/src/routes/adminRoutes.js:48; 08_procedures/admin/usp_Admin_Showtime_List.sql"
"ADMIN","ADM-14 Quản lý suất chiếu (toàn hệ thống) [admin.createShowtime]","POST","/api/admin/showtimes","true","requireAdmin","QL_SUAT_CHIEU","Không","Không","dbo.usp_Admin_Showtime_Create","ADMIN area; per-section/action exact permission; first permitted tab","","MATCH","backend/src/routes/adminRoutes.js:49; 08_procedures/admin/usp_Admin_Showtime_Create.sql"
"ADMIN","ADM-14 Quản lý suất chiếu (toàn hệ thống) [admin.updateShowtime]","PUT","/api/admin/showtimes/:showtimeId","true","requireAdmin","QL_SUAT_CHIEU","Không","Không","dbo.usp_Admin_Showtime_Update","ADMIN area; per-section/action exact permission; first permitted tab","","MATCH","backend/src/routes/adminRoutes.js:50; 08_procedures/admin/usp_Admin_Showtime_Update.sql"
"ADMIN","ADM-14 Quản lý suất chiếu (toàn hệ thống) [admin.cancelShowtime]","POST","/api/admin/showtimes/:showtimeId/cancel","true","requireAdmin","QL_SUAT_CHIEU","Không","Không","dbo.usp_Admin_Showtime_Cancel","ADMIN area; per-section/action exact permission; first permitted tab","","MATCH","backend/src/routes/adminRoutes.js:51; 08_procedures/admin/usp_Admin_Showtime_Cancel.sql"
"ADMIN","ADM-09 Quản lý danh mục phim [admin.movies]","GET","/api/admin/movies","true","requireAdmin","QL_DANHMUC_PHIM","Không","Không","dbo.usp_Admin_Movie_List","ADMIN area; per-section/action exact permission; first permitted tab","","MATCH","backend/src/routes/adminRoutes.js:52; 08_procedures/admin/usp_Admin_Movie_List.sql"
"ADMIN","ADM-09 Quản lý danh mục phim [admin.createMovie]","POST","/api/admin/movies","true","requireAdmin","QL_DANHMUC_PHIM","Không","Không","dbo.sp_Admin_Movie_Create","ADMIN area; per-section/action exact permission; first permitted tab","","MATCH","backend/src/routes/adminRoutes.js:53; 08_procedures/admin/sp_Admin_Movie_Create.sql"
"ADMIN","ADM-09 Quản lý danh mục phim [admin.updateMovie]","PUT","/api/admin/movies/:movieId","true","requireAdmin","QL_DANHMUC_PHIM","Không","Không","dbo.sp_Admin_Movie_Update","ADMIN area; per-section/action exact permission; first permitted tab","","MATCH","backend/src/routes/adminRoutes.js:54; 08_procedures/admin/sp_Admin_Movie_Update.sql"
"ADMIN","ADM-09 Quản lý danh mục phim [admin.deleteMovie]","DELETE","/api/admin/movies/:movieId","true","requireAdmin","QL_DANHMUC_PHIM","Không","Không","dbo.sp_Admin_Movie_Delete","ADMIN area; per-section/action exact permission; first permitted tab","","MATCH","backend/src/routes/adminRoutes.js:55; 08_procedures/admin/sp_Admin_Movie_Delete.sql"
"ADMIN","ADM-09 Quản lý danh mục phim [admin.setMovieActors]","PUT","/api/admin/movies/:movieId/actors","true","requireAdmin","QL_DANHMUC_PHIM","Không","Không","dbo.sp_Admin_MovieActor_Set","ADMIN area; per-section/action exact permission; first permitted tab","","MATCH","backend/src/routes/adminRoutes.js:56; 08_procedures/admin/sp_Admin_MovieActor_Set.sql"
"ADMIN","ADM-10 Quản lý thể loại phim [admin.genres]","GET","/api/admin/genres","true","requireAdmin","QL_THELOAI","Không","Không","dbo.sp_Admin_Genre_List","ADMIN area; per-section/action exact permission; first permitted tab","","MATCH","backend/src/routes/adminRoutes.js:57; 08_procedures/admin/sp_Admin_Genre_List.sql"
"ADMIN","ADM-10 Quản lý thể loại phim [admin.createGenre]","POST","/api/admin/genres","true","requireAdmin","QL_THELOAI","Không","Không","dbo.sp_Admin_Genre_Create","ADMIN area; per-section/action exact permission; first permitted tab","","MATCH","backend/src/routes/adminRoutes.js:58; 08_procedures/admin/sp_Admin_Genre_Create.sql"
"ADMIN","ADM-10 Quản lý thể loại phim [admin.updateGenre]","PUT","/api/admin/genres/:genreId","true","requireAdmin","QL_THELOAI","Không","Không","dbo.sp_Admin_Genre_Update","ADMIN area; per-section/action exact permission; first permitted tab","","MATCH","backend/src/routes/adminRoutes.js:59; 08_procedures/admin/sp_Admin_Genre_Update.sql"
"ADMIN","ADM-10 Quản lý thể loại phim [admin.deleteGenre]","DELETE","/api/admin/genres/:genreId","true","requireAdmin","QL_THELOAI","Không","Không","dbo.sp_Admin_Genre_Delete","ADMIN area; per-section/action exact permission; first permitted tab","","MATCH","backend/src/routes/adminRoutes.js:60; 08_procedures/admin/sp_Admin_Genre_Delete.sql"
"ADMIN","ADM-09 Quản lý danh mục phim [admin.actors]","GET","/api/admin/actors","true","requireAdmin","QL_DANHMUC_PHIM","Không","Không","dbo.sp_Admin_Actor_List","ADMIN area; per-section/action exact permission; first permitted tab","","MATCH","backend/src/routes/adminRoutes.js:61; 08_procedures/admin/sp_Admin_Actor_List.sql"
"ADMIN","ADM-09 Quản lý danh mục phim [admin.createActor]","POST","/api/admin/actors","true","requireAdmin","QL_DANHMUC_PHIM","Không","Không","dbo.sp_Admin_Actor_Create","ADMIN area; per-section/action exact permission; first permitted tab","","MATCH","backend/src/routes/adminRoutes.js:62; 08_procedures/admin/sp_Admin_Actor_Create.sql"
"ADMIN","ADM-09 Quản lý danh mục phim [admin.updateActor]","PUT","/api/admin/actors/:actorId","true","requireAdmin","QL_DANHMUC_PHIM","Không","Không","dbo.sp_Admin_Actor_Update","ADMIN area; per-section/action exact permission; first permitted tab","","MATCH","backend/src/routes/adminRoutes.js:63; 08_procedures/admin/sp_Admin_Actor_Update.sql"
"ADMIN","ADM-09 Quản lý danh mục phim [admin.deleteActor]","DELETE","/api/admin/actors/:actorId","true","requireAdmin","QL_DANHMUC_PHIM","Không","Không","dbo.sp_Admin_Actor_Delete","ADMIN area; per-section/action exact permission; first permitted tab","","MATCH","backend/src/routes/adminRoutes.js:64; 08_procedures/admin/sp_Admin_Actor_Delete.sql"
"ADMIN","ADM-11 Quản lý sản phẩm ăn uống [admin.products]","GET","/api/admin/products","true","requireAdmin","QL_SANPHAM","Không","Không","dbo.usp_Admin_Product_List","ADMIN area; per-section/action exact permission; first permitted tab","","MATCH","backend/src/routes/adminRoutes.js:65; 08_procedures/admin/usp_Admin_Product_List.sql"
"ADMIN","ADM-11 Quản lý sản phẩm ăn uống [admin.createProduct]","POST","/api/admin/products","true","requireAdmin","QL_SANPHAM","Không","Không","dbo.sp_Admin_Product_Create","ADMIN area; per-section/action exact permission; first permitted tab","","MATCH","backend/src/routes/adminRoutes.js:66; 08_procedures/admin/sp_Admin_Product_Create.sql"
"ADMIN","ADM-11 Quản lý sản phẩm ăn uống [admin.updateProduct]","PUT","/api/admin/products/:productId","true","requireAdmin","QL_SANPHAM","Không","Không","dbo.sp_Admin_Product_Update","ADMIN area; per-section/action exact permission; first permitted tab","","MATCH","backend/src/routes/adminRoutes.js:67; 08_procedures/admin/sp_Admin_Product_Update.sql"
"ADMIN","ADM-11 Quản lý sản phẩm ăn uống [admin.deleteProduct]","DELETE","/api/admin/products/:productId","true","requireAdmin","QL_SANPHAM","Không","Không","dbo.sp_Admin_Product_Delete","ADMIN area; per-section/action exact permission; first permitted tab","","MATCH","backend/src/routes/adminRoutes.js:68; 08_procedures/admin/sp_Admin_Product_Delete.sql"
"ADMIN","ADM-12 Quản lý chương trình khuyến mãi [admin.promotions]","GET","/api/admin/promotions","true","requireAdmin","QL_KHUYENMAI","Không","Không","dbo.sp_Admin_Promotion_List","ADMIN area; per-section/action exact permission; first permitted tab","","MATCH","backend/src/routes/adminRoutes.js:69; 08_procedures/admin/sp_Admin_Promotion_List.sql"
"ADMIN","ADM-12 Quản lý chương trình khuyến mãi [admin.createPromotion]","POST","/api/admin/promotions","true","requireAdmin","QL_KHUYENMAI","Không","Không","dbo.sp_Admin_Promotion_Create","ADMIN area; per-section/action exact permission; first permitted tab","","MATCH","backend/src/routes/adminRoutes.js:70; 08_procedures/admin/sp_Admin_Promotion_Create.sql"
"ADMIN","ADM-12 Quản lý chương trình khuyến mãi [admin.updatePromotion]","PUT","/api/admin/promotions/:promotionId","true","requireAdmin","QL_KHUYENMAI","Không","Không","dbo.sp_Admin_Promotion_Update","ADMIN area; per-section/action exact permission; first permitted tab","","MATCH","backend/src/routes/adminRoutes.js:71; 08_procedures/admin/sp_Admin_Promotion_Update.sql"
"ADMIN","ADM-12 Quản lý chương trình khuyến mãi [admin.deletePromotion]","DELETE","/api/admin/promotions/:promotionId","true","requireAdmin","QL_KHUYENMAI","Không","Không","dbo.sp_Admin_Promotion_Delete","ADMIN area; per-section/action exact permission; first permitted tab","","MATCH","backend/src/routes/adminRoutes.js:72; 08_procedures/admin/sp_Admin_Promotion_Delete.sql"
"ADMIN","ADM-16 Xem báo cáo doanh thu toàn hệ thống [admin.revenue]","GET","/api/admin/reports/revenue","true","requireAdmin","XEM_BAO_CAO_TOANHE","Không","Không","dbo.sp_Admin_Report_Revenue","ADMIN area; per-section/action exact permission; first permitted tab","","MATCH","backend/src/routes/adminRoutes.js:73; 08_procedures/admin/sp_Admin_Report_Revenue.sql"
"ADMIN","ADM-15 Xử lý khiếu nại [support.list]","GET","/api/admin/complaints","true","requireAdmin","QL_KHIEUNAI","Không ownership Customer: queue CSKH; order bị giới hạn theo complaint liên kết, không nhận orderId tự do","Không","dbo.sp_Support_Complaint_List","ADMIN area; per-section/action exact permission; first permitted tab","","MATCH","backend/src/routes/adminRoutes.js:80; 08_procedures/support/sp_Support_Complaint_List.sql"
"ADMIN","ADM-15 Xử lý khiếu nại [support.detail]","GET","/api/admin/complaints/:complaintId","true","requireAdmin","QL_KHIEUNAI","Không ownership Customer: queue CSKH; order bị giới hạn theo complaint liên kết, không nhận orderId tự do","Không","dbo.sp_Support_Complaint_GetDetail","ADMIN area; per-section/action exact permission; first permitted tab","","MATCH","backend/src/routes/adminRoutes.js:81; 08_procedures/support/sp_Support_Complaint_GetDetail.sql"
"ADMIN","ADM-15 Xử lý khiếu nại [support.orderReference]","GET","/api/admin/complaints/:complaintId/order-reference","true","requireAdmin","QL_KHIEUNAI; TRA_CUU_DON","Không ownership Customer: queue CSKH; order bị giới hạn theo complaint liên kết, không nhận orderId tự do","Không","dbo.sp_Support_Complaint_GetOrderReference","ADMIN area; per-section/action exact permission; first permitted tab","","MATCH","backend/src/routes/adminRoutes.js:82; 08_procedures/support/sp_Support_Complaint_GetOrderReference.sql"
"ADMIN","ADM-15 Xử lý khiếu nại [support.addProcessing]","POST","/api/admin/complaints/:complaintId/processings","true","requireAdmin","QL_KHIEUNAI; XULY_KHIEUNAI","Không ownership Customer: queue CSKH; order bị giới hạn theo complaint liên kết, không nhận orderId tự do","Không","dbo.sp_Support_Complaint_AddProcessing","ADMIN area; per-section/action exact permission; first permitted tab","","MATCH","backend/src/routes/adminRoutes.js:83; 08_procedures/support/sp_Support_Complaint_AddProcessing.sql"
"ADMIN","ADM-15 Xử lý khiếu nại [support.updateStatus]","PUT","/api/admin/complaints/:complaintId/status","true","requireAdmin","QL_KHIEUNAI; XULY_KHIEUNAI","Không ownership Customer: queue CSKH; order bị giới hạn theo complaint liên kết, không nhận orderId tự do","Không","dbo.sp_Support_Complaint_UpdateStatus","ADMIN area; per-section/action exact permission; first permitted tab","","MATCH","backend/src/routes/adminRoutes.js:84; 08_procedures/support/sp_Support_Complaint_UpdateStatus.sql"
